{
    "API_PERMISSIONS_URI": "arn:aws:execute-api:us-east-1:216184389560:tudp9nesv0/*/POST/", 
    "API_URL": "https://tudp9nesv0.execute-api.us-east-1.amazonaws.com/prod", 
    "BLOG_TABLE": "my-cms-aws-cms-Blog", 
    "BUCKET": "my-cms-aws-cms", 
    "DISQUS-ID": "arc-cms", 
    "LAMBDA_FUNCTION": "my-cms-aws-cms-Controller", 
    "LAMBDA_ROLE": "my-cms-aws-cms-Lambda", 
    "PAGE_TABLE": "my-cms-aws-cms-Page", 
    "REST_API": "my-cms-aws-cms-Operations", 
    "REST_API_ID": "tudp9nesv0", 
    "REST_API_ROOT_ID": "1nrffw9nwa", 
    "ROLE_TABLE": "my-cms-aws-cms-Role", 
    "TOKEN_TABLE": "my-cms-aws-cms-Token", 
    "USER_TABLE": "my-cms-aws-cms-User"
}